f1,f2,f3,f4,f5,f6,f7,f8,f9,f10,f11,f12,f13,f14,f15,f16,f17,f18,f19,f20,label
21.041,17.703,18.085,19.163,15.527,14.299,13.864,21.792,21.4,4.035,6.002,6.491,16.07,22.816,15.753,16.871,15.745,20.06,5.935,21.668,1
22.427,16.416,19.254,14.88,13.875,11.003,16.408,19.8,20.288,8.043,8.896,8.702,14.427,19.407,16.768,14.591,15.8,19.164,7.484,19.707,0
24.385,19.194,20.82,17.957,14.053,14.404,16.255,22.804,29.254,2.026,3.138,4.651,17.249,22.244,18.569,17.584,16.879,21.838,3.051,26.301,1
16.871,16.872,17.198,17.285,15.871,14.206,13.721,18.936,22.979,3.033,6.539,5.311,15.306,19.802,14.372,14.598,12.875,18.215,4.995,23.945,1
19.964,15.694,21.107,19.395,18.829,10.558,13.625,20.395,22.257,5.027,5.143,6.68,17.168,19.635,16.439,14.646,14.734,19.616,5.335,24.771,1
21.859,18.216,19.659,12.494,9.918,14.479,14.027,21.698,20.415,6.03,8.282,8.665,13.85,18.654,18.588,15.485,15.804,23.69,9.759,18.153,0
17.231,18.392,18.99,13.928,12.931,12.807,9.971,18.95,20.379,4.032,5.926,7.302,14.425,21.037,17.422,15.363,13.809,17.363,5.998,16.745,1
21.354,16.997,22.389,15.936,13.726,13.658,16.873,21.794,27.208,8.056,6.226,8.176,16.331,21.39,18.979,15.594,14.814,19.409,10.963,16.87,0
19.376,23.26,21.26,15.421,13.637,13.689,19.313,20.751,22.243,9.036,8.205,9.006,15.454,19.106,23.966,14.653,13.932,24.817,11.825,19.946,0
21.093,18.632,20.044,16.301,16.841,16.169,12.135,20.768,24.239,3.015,5.102,6.576,17.693,24.467,20.247,17.477,15.869,19.6,5.05,20.793,1
21.058,14.076,15.513,8.004,5.501,14.023,11.458,24.277,22.219,7.048,8.7,8.164,7.922,20.643,19.157,17.859,17.597,21.065,9.723,15.13,0
16.559,17.928,17.296,16.588,16.844,9.525,15.066,15.704,16.125,4.056,8.949,11.901,17.285,13.814,16.558,11.147,10.868,16.375,12.773,15.061,0
23.327,21.112,20.992,17.349,14.752,13.416,15.612,24.053,25.081,6.02,6.008,9.255,20.547,19.365,19.45,14.486,18.786,23.493,8.261,25.281,0
15.845,17.75,18.478,12.773,11.376,10.74,17.623,14.623,15.998,5.05,6.851,9.123,16.752,15.386,16.874,12.535,11.864,19.236,10.039,15.594,0
22.041,22.288,19.948,18.018,17.039,15.18,12.692,17.222,21.966,6.044,8.299,10.851,16.449,19.462,24.288,12.777,13.945,17.729,11.815,19.21,0
20.11,15.736,21.012,14.253,13.151,14.339,12.079,21.804,25.353,4.022,4.01,5.448,14.045,21.572,15.929,16.484,15.809,21.425,4.968,18.004,1
17.76,18.246,20.934,18.867,14.369,12.231,14.945,16.65,19.105,4.028,7.626,7.346,17.301,18.432,16.703,13.097,11.804,18.391,7.539,18.867,1
19.779,14.615,15.274,21.445,17.569,13.188,9.362,21.094,23.226,4.034,6.012,6.42,16.306,20.502,12.42,15.599,15.803,18.808,5.995,23.336,1
26.649,17.002,17.983,19.537,15.156,20.63,13.228,29.567,25.668,4.01,5.847,5.908,17.284,30.421,14.499,23.646,22.737,27.517,4.115,24.63,1
24.999,20.758,23.524,22.801,20.648,18.653,14.616,26.37,30.373,3.014,4.848,5.199,17.751,28.184,19.148,20.372,19.816,24.97,4.145,28.323,1
20.109,17.469,20.804,18.922,19.354,11.148,13.969,23.108,27.075,2.024,4.523,5.881,21.307,21.856,18.187,15.535,16.669,18.471,4.042,21.51,1
21.871,16.441,16.994,18.122,17.492,13.744,12.883,24.752,21.126,6.052,6.02,8.927,19.39,20.8,14.077,18.426,17.8,20.733,11.783,22.768,1
21.293,15.936,17.469,15.442,15.209,15.913,11.564,22.833,19.557,6.041,8.851,9.002,14.069,25.726,21.691,19.689,15.743,23.438,10.444,18.196,0
21.548,21.281,25.875,15.434,10.98,15.787,20.683,21.743,24.274,6.056,10.35,9.11,17.308,23.807,22.306,16.485,16.803,23.502,9.031,22.517,0
25.365,18.851,23.334,22.009,21.046,15.713,12.914,21.86,30.076,3.016,6.007,5.807,19.479,25.502,18.857,17.855,17.871,21.415,4.139,21.884,1
18.481,19.578,19.62,16.655,12.727,12.634,14.462,17.57,22.079,4.013,6.138,8.613,14.675,16.854,18.213,15.351,11.792,16.281,9.331,17.065,0
19.782,17.961,17.596,16.02,15.997,14.801,15.83,19.556,20.251,5.046,6.012,7.254,16.793,20.864,17.61,14.777,12.95,20.986,8.843,18.202,1
22.022,16.268,17.51,15.41,16.494,15.4,12.313,22.153,18.247,7.054,10.096,12.649,13.92,22.832,19.266,15.93,13.874,25.29,16.148,18.321,0
19.441,20.655,21.588,13.593,11.188,12.254,19.715,21.079,22.265,8.057,7.93,9.46,18.624,18.022,20.034,16.033,17.858,19.664,10.24,15.294,0
19.032,18.199,19.011,14.15,12.382,14.42,16.248,17.811,15.258,7.053,9.812,13.354,13.326,20.187,20.813,14.758,13.862,19.014,13.982,17.341,0
17.356,20.866,21.05,11.569,10.407,10.067,14.124,18.442,16.099,6.073,8.357,9.398,18.006,17.431,22.29,10.934,9.936,20.297,7.847,15.573,0
19.302,23.786,19.469,10.064,7.437,13.633,18.983,20.095,22.274,5.035,6.011,8.881,10.081,21.78,24.224,14.472,11.953,22.569,7.951,18.75,0
23.445,18.678,20.192,19.462,17.809,13.752,12.699,22.519,23.235,2.018,4.966,7.41,15.189,19.06,13.708,15.384,17.866,21.839,5.024,20.579,1
20.645,16.217,19.132,17.726,15.334,15.34,12.462,22.256,21.407,5.023,6.676,6.185,16.408,23.669,18.397,18.465,16.735,21.845,4.952,20.807,1
23.822,21.378,21.075,20.557,17.887,14.573,17.064,23.921,23.28,7.056,6.256,9.426,17.893,23.204,20.462,16.649,14.813,23.97,7.979,23.349,1
23.74,16.764,18.775,19.042,17.313,12.479,12.331,23.995,25.258,3.027,3.528,5.701,19.545,20.207,14.179,16.431,18.798,19.746,6.004,20.864,1
21.642,17.17,18.534,20.937,18.429,13.952,10.73,21.83,24.238,3.051,3.676,5.356,17.407,20.803,14.259,15.488,15.807,19.834,5.723,24.565,1
18.943,17.667,21.609,19.616,15.647,15.472,12.03,20.101,25.244,4.038,4.039,5.653,17.047,22.951,17.199,15.649,14.81,19.848,4.901,22.107,1
19.802,21.795,20.785,19.087,16.569,12.939,13.519,19.001,20.274,3.025,5.666,6.567,17.208,20.036,16.072,12.432,11.852,20.307,4.024,19.548,1
19.465,20.595,20.004,9.496,7.51,12.493,13.683,20.228,19.199,4.011,7.011,7.817,12.716,22.208,20.035,13.109,12.924,21.963,7.697,15.79,0
23.455,16.897,21.012,21.474,17.057,16.303,14.407,24.272,25.402,5.016,5.267,5.96,16.916,25.139,18.269,19.417,17.802,23.684,4.875,24.756,1
22.683,20.631,16.945,16.006,14.956,14.862,14.292,19.69,22.379,6.053,8.693,9.43,19.475,20.324,21.327,16.078,13.885,20.838,11.207,21.054,0
21.357,20.072,17.671,18.607,16.695,15.818,15.387,21.142,16.142,9.048,13.758,11.088,19.434,20.013,19.635,17.288,12.789,21.606,11.016,16.125,0
17.312,17.728,18.133,15.203,16.257,11.355,14.03,18.429,17.96,5.022,9.808,9.864,18.564,15.032,15.419,13.817,11.926,17.763,8.056,13.666,0
18.935,16.429,17.113,20.05,16.377,10.831,12.673,19.215,21.233,5.03,6.262,6.538,14.325,17.406,13.969,14.305,13.808,14.419,5.934,19.545,1
21.126,21.89,18.614,17.0,15.553,12.006,13.793,20.4,25.107,8.043,8.899,9.4,16.253,18.35,21.946,11.612,13.943,21.448,8.338,20.718,0
22.184,21.839,22.04,15.857,14.784,14.717,16.412,20.624,22.115,6.012,6.99,9.283,19.475,19.59,21.26,13.683,13.03,23.473,6.987,21.283,0
20.757,18.052,18.342,15.483,12.273,14.71,14.91,19.638,20.118,3.034,4.997,6.293,14.672,20.486,16.427,14.428,13.872,19.984,5.884,17.394,1
17.22,18.97,24.034,16.255,12.822,14.76,17.027,18.022,23.232,6.028,6.677,8.991,15.776,21.606,16.61,15.312,15.802,18.872,6.234,14.711,0
21.102,16.405,16.052,18.626,19.059,13.338,13.927,22.248,25.238,2.024,3.642,4.315,18.62,20.96,14.686,16.646,16.735,17.814,2.968,24.548,1
20.154,15.409,18.236,11.25,10.71,13.16,15.079,25.151,25.233,4.015,5.504,6.327,15.206,20.98,13.086,17.201,19.785,19.858,5.304,18.982,0
17.909,15.006,18.845,12.597,11.866,12.061,14.61,14.165,17.1,3.016,7.964,6.139,12.876,14.371,16.239,10.489,9.878,18.648,6.947,15.63,0
23.306,18.237,22.295,14.544,10.629,15.822,13.903,21.798,32.104,7.039,10.859,8.016,17.69,21.713,21.328,15.486,15.882,22.464,7.447,25.184,0
20.301,18.389,19.166,21.391,18.535,12.841,13.057,15.449,20.939,4.023,5.029,5.737,18.909,15.796,15.63,10.93,11.732,15.109,3.96,19.474,1
22.021,17.598,17.318,13.846,12.751,15.201,15.538,23.157,21.553,4.016,4.505,5.725,17.443,22.227,12.985,17.426,17.799,18.21,4.062,17.983,1
17.641,12.909,17.507,9.938,6.909,14.008,17.252,18.308,20.359,5.039,10.597,8.065,12.668,17.771,16.599,14.304,12.872,20.722,8.094,17.131,0
24.444,19.039,18.25,18.875,20.461,14.157,10.072,22.279,25.373,2.015,4.675,4.873,17.435,23.725,15.312,16.485,16.737,19.255,4.028,20.067,1
22.566,23.087,20.837,23.55,21.187,15.643,11.527,23.717,29.081,3.013,3.683,4.803,23.435,25.486,17.769,17.863,19.665,21.16,3.044,26.882,1
22.613,20.411,17.345,17.877,16.783,16.465,12.595,22.569,21.516,2.029,4.129,5.217,18.671,23.948,16.656,16.759,15.802,22.951,3.112,21.92,1
17.347,17.495,17.77,13.153,14.504,15.015,15.364,17.58,18.252,6.032,7.951,9.194,16.307,19.815,16.616,17.301,13.8,14.356,10.065,14.871,0
23.733,21.002,20.854,15.848,12.625,14.426,16.104,23.201,19.115,7.046,10.71,9.659,15.676,23.158,25.494,15.87,14.801,26.537,7.81,16.051,0
15.396,16.796,17.005,6.994,6.547,11.272,15.34,17.029,16.124,7.037,10.651,9.519,11.333,17.344,18.645,13.652,10.88,17.63,7.875,13.457,0
18.396,16.93,19.811,15.36,15.259,14.239,10.607,20.53,23.244,2.013,5.634,5.281,13.101,21.348,17.095,15.649,14.81,20.243,4.031,22.222,1
17.491,17.243,16.738,17.412,14.715,8.567,13.957,15.76,15.117,7.039,9.704,8.803,15.758,16.004,19.082,9.098,12.931,19.565,8.304,19.528,0
20.297,16.408,19.605,16.361,11.843,10.28,12.103,21.445,21.954,6.048,6.017,8.225,16.562,18.834,14.125,14.651,15.734,18.066,8.868,15.599,1
21.738,22.781,19.162,15.114,11.01,15.366,15.109,22.216,21.947,8.035,11.703,10.079,14.406,22.535,23.375,17.474,14.927,23.082,8.078,15.496,0
17.596,12.635,14.801,16.241,15.88,13.062,7.455,16.629,18.974,2.011,3.678,4.392,15.278,19.237,11.356,13.595,12.861,18.627,2.086,18.685,1
16.996,19.463,18.741,15.217,15.317,10.249,12.993,15.647,15.282,5.04,8.689,7.67,16.551,15.141,20.265,10.425,10.876,16.54,8.049,13.034,0
20.758,18.643,20.124,18.649,19.786,11.488,10.518,22.066,22.984,2.03,5.149,6.881,16.396,19.066,18.399,15.754,16.789,18.505,7.933,20.683,0
19.033,18.45,22.084,20.092,18.009,13.046,11.628,18.227,24.226,4.016,5.511,6.434,15.343,19.176,16.615,12.991,12.879,19.605,5.0,23.557,1
19.899,18.46,19.768,18.981,15.862,17.211,13.291,23.014,27.096,2.013,7.508,5.961,20.501,25.502,16.169,18.639,16.737,21.859,3.03,23.912,1
22.84,16.001,19.597,18.596,16.971,15.052,12.865,24.872,26.351,3.01,5.358,4.673,19.724,23.542,14.915,19.406,18.657,19.733,4.876,19.198,1
21.122,13.54,17.944,10.279,8.488,15.863,17.626,20.577,18.413,7.037,7.869,8.121,13.945,24.859,19.897,18.081,13.813,24.017,10.556,18.228,0
19.005,19.025,20.536,17.662,15.598,12.065,12.347,16.22,17.27,3.036,5.685,6.628,16.859,15.943,16.677,13.351,11.87,18.51,6.788,18.448,1
20.787,17.545,18.636,20.347,19.881,14.387,13.43,21.79,20.963,4.038,5.268,5.914,17.364,21.664,16.809,16.811,14.739,19.41,5.875,23.14,1
18.95,14.005,15.265,16.235,14.455,9.031,11.278,17.482,15.961,4.011,8.661,7.191,17.498,12.33,12.76,10.662,12.859,14.863,7.796,14.836,0
21.884,19.981,22.531,19.378,15.727,14.167,12.382,23.314,24.1,3.026,8.806,7.98,16.107,24.019,19.36,18.639,16.792,21.934,6.0,18.453,1
21.447,16.862,20.832,16.89,15.572,12.724,12.095,20.728,26.087,5.03,7.853,7.652,14.748,21.89,15.605,15.314,14.8,19.419,5.959,20.858,1
20.683,19.135,22.838,20.104,15.063,11.548,19.712,17.248,19.978,8.02,11.981,8.774,18.408,18.636,17.279,12.6,12.871,20.539,7.941,21.446,0
18.839,16.032,21.793,10.569,8.402,13.448,16.554,20.255,19.27,6.044,10.926,8.42,12.485,21.724,21.349,15.538,12.818,19.421,9.695,13.682,0
25.884,22.005,24.627,19.356,15.848,15.552,11.787,27.523,33.347,2.018,4.973,5.148,20.022,26.036,18.661,20.199,21.737,21.788,3.231,23.105,1
22.185,15.351,19.331,17.663,14.935,13.216,12.435,24.285,25.377,4.014,4.007,4.769,19.898,21.757,14.274,17.481,18.733,20.518,5.111,19.986,1
21.9,15.56,20.925,20.106,17.855,11.083,12.952,20.574,23.094,4.028,6.018,6.792,20.37,21.196,15.914,13.986,14.803,19.317,5.045,19.709,1
19.896,14.809,18.169,19.434,15.517,11.246,12.656,20.759,19.41,4.016,5.012,6.079,17.318,19.361,14.419,15.749,12.938,18.377,4.816,17.755,1
20.524,14.979,16.483,17.568,15.906,11.992,11.143,20.158,26.097,5.039,5.036,5.834,16.49,19.803,14.678,13.61,15.871,20.352,5.841,24.361,1
23.251,18.28,19.859,18.314,15.451,15.725,13.799,25.276,24.382,4.039,4.51,6.484,17.575,24.047,15.988,19.314,17.807,23.138,5.936,20.558,1
19.248,18.236,16.253,21.169,17.893,12.782,12.904,18.834,21.963,3.009,4.01,4.095,17.303,18.71,13.783,13.494,13.945,18.147,3.001,23.947,1
19.349,15.842,18.245,9.949,8.21,13.437,15.573,23.002,25.111,3.012,12.597,6.398,13.804,19.034,19.339,17.419,17.797,21.988,7.99,17.978,0
19.894,20.464,19.732,17.962,15.157,13.624,14.543,18.768,21.138,5.052,5.017,7.479,18.975,20.983,17.862,13.433,13.793,20.26,7.723,23.239,1
25.111,19.488,16.495,17.609,16.006,12.916,15.492,23.107,23.359,6.023,7.43,9.418,16.796,21.5,15.771,16.107,16.806,22.903,8.864,22.102,0
22.029,18.619,19.234,14.596,12.002,17.075,16.6,22.903,22.395,7.057,8.555,11.525,10.167,23.906,17.154,18.373,16.812,26.085,12.21,22.441,0
17.48,20.177,20.511,17.056,15.038,13.146,13.296,19.749,20.096,7.042,13.753,10.642,16.056,16.502,21.671,12.313,10.993,23.16,9.274,19.496,0
17.837,22.542,19.927,14.095,11.385,16.447,18.068,19.897,20.13,6.044,8.593,10.652,20.608,22.475,20.87,14.586,11.926,22.153,10.295,20.297,0
20.947,17.659,18.487,18.908,17.613,11.907,11.551,18.047,24.227,4.012,5.687,7.192,18.618,17.275,17.168,13.318,13.874,16.1,8.842,18.747,1
16.669,15.92,22.512,17.191,16.268,11.14,16.996,15.964,15.24,6.018,9.09,8.47,15.655,16.034,18.59,11.423,9.946,17.505,8.228,21.449,1
21.595,18.555,25.57,13.603,11.638,12.701,19.85,20.465,22.236,6.035,8.963,10.116,17.564,18.982,20.308,14.887,16.866,22.138,7.923,17.008,0
20.87,17.862,20.938,8.839,7.052,11.101,16.464,23.001,20.108,5.045,7.156,9.256,16.13,19.163,18.992,17.291,16.785,18.744,8.849,11.416,0
19.339,18.037,19.085,17.426,15.577,12.882,14.334,19.646,18.233,5.036,6.967,10.729,17.47,21.42,19.474,15.81,12.851,21.092,10.085,14.763,0
16.883,17.572,22.447,18.98,16.227,16.347,17.955,15.359,19.263,5.043,6.521,8.538,17.773,16.867,15.332,13.659,13.004,18.614,6.005,17.343,0
23.723,23.597,22.794,19.836,19.548,12.918,16.417,22.501,26.226,5.048,8.106,9.951,19.988,20.181,23.041,14.6,16.802,20.446,9.25,27.642,0
27.778,19.377,20.644,24.804,21.62,16.764,13.024,30.881,29.238,3.016,4.839,7.447,19.57,26.898,17.417,22.14,24.658,23.785,4.254,29.068,1
16.185,14.719,14.023,6.501,4.671,12.162,14.18,17.677,15.377,4.034,6.264,6.98,7.528,19.64,17.099,13.645,13.849,17.691,7.053,10.699,0
22.491,16.878,20.926,20.003,20.944,13.509,11.917,21.278,22.273,3.014,5.005,5.406,20.386,20.942,14.497,17.258,15.726,16.835,3.818,24.789,1
21.036,18.826,17.05,15.834,12.427,14.98,12.15,18.546,22.256,2.04,4.795,5.482,16.372,21.145,15.246,16.418,13.872,21.127,4.767,19.572,1
22.87,18.445,16.722,12.85,12.384,16.278,14.747,21.888,19.56,6.062,7.673,8.455,14.402,20.92,17.714,16.602,15.944,24.792,9.889,17.363,0
23.842,19.181,19.183,18.452,14.376,15.652,15.771,22.455,23.391,4.029,4.145,6.61,18.105,22.943,15.073,16.424,18.795,21.583,6.22,19.834,1
18.488,19.149,17.64,17.472,16.386,13.887,12.785,17.644,20.118,5.031,6.028,5.721,16.386,21.672,19.467,14.648,11.995,20.119,6.192,21.138,1
19.338,20.811,17.471,16.03,18.415,13.039,15.415,18.052,21.277,3.044,6.798,7.255,16.463,19.72,17.435,13.428,12.868,17.948,5.295,21.536,0
21.901,17.162,17.656,9.396,6.746,14.017,16.89,23.299,25.252,6.041,8.979,9.58,8.043,23.571,23.77,16.655,16.8,21.505,8.929,18.111,0
17.017,22.502,24.585,23.116,18.348,10.769,13.867,19.474,23.95,4.024,5.967,6.839,21.115,19.819,19.629,13.633,12.664,19.303,6.768,20.048,1
19.721,19.018,21.844,22.317,21.019,16.592,13.513,21.283,26.932,3.034,3.676,4.465,18.867,24.751,17.555,16.708,14.819,20.844,4.875,27.844,1
20.408,19.988,21.752,15.337,15.817,14.893,14.251,21.64,23.111,4.051,6.175,6.704,17.145,23.044,17.658,16.589,14.804,22.592,7.785,17.95,1
18.918,18.874,18.627,11.37,9.657,12.411,14.524,18.092,18.368,6.033,12.08,11.438,11.488,19.878,19.398,14.301,15.003,18.478,10.213,14.449,0
20.681,22.739,22.856,16.478,13.686,12.014,18.209,21.498,21.258,8.042,6.453,10.851,17.745,16.919,18.156,13.588,12.857,23.227,10.87,21.977,0
24.562,25.386,18.332,20.664,17.198,12.192,16.272,18.509,18.238,3.027,4.674,7.62,18.219,16.555,15.955,13.272,12.945,19.474,4.029,20.241,1
21.037,19.367,19.299,15.357,13.142,14.038,16.42,21.252,21.252,7.022,8.845,9.2,18.805,22.092,22.094,14.912,14.878,21.176,10.902,19.17,0
19.916,20.856,22.353,11.72,10.623,14.82,17.632,22.928,24.251,4.031,7.014,8.732,15.068,21.525,21.658,15.749,15.877,21.97,6.97,17.398,0
23.092,16.577,19.516,21.182,18.591,15.677,10.868,24.627,24.377,4.049,5.016,5.969,19.945,23.474,13.437,18.532,19.666,20.331,6.783,26.131,1
18.874,16.042,14.804,9.963,10.297,12.557,11.019,20.429,19.245,9.052,12.54,11.873,13.827,19.215,20.216,15.815,12.813,21.379,12.492,16.867,0
23.066,18.47,19.147,21.336,16.784,14.392,13.564,24.467,24.245,3.05,4.137,5.879,17.843,24.137,17.674,19.462,18.66,20.791,5.749,22.12,1
22.413,15.044,21.399,18.51,17.699,14.201,9.443,24.46,28.376,2.011,4.002,4.736,17.621,23.654,15.582,18.369,19.739,20.367,3.145,19.886,1
16.541,12.903,14.601,9.701,9.872,9.752,13.612,19.27,16.27,5.017,4.835,5.175,12.958,15.501,11.754,13.411,13.795,18.598,3.952,13.826,0
23.581,19.922,24.965,22.663,20.625,12.184,12.909,22.305,27.089,2.015,2.973,5.738,15.699,21.812,16.614,14.81,17.661,19.087,2.054,21.197,1
22.454,16.965,22.267,18.377,17.762,13.414,14.064,23.213,24.388,3.044,5.521,7.711,17.141,23.003,17.088,16.479,17.733,21.733,5.038,20.01,1
19.207,23.348,20.891,16.445,13.258,11.15,15.164,21.325,20.956,4.041,6.942,8.017,15.898,18.039,22.914,16.256,14.801,21.684,7.964,17.751,0
16.784,18.095,14.064,11.168,10.576,9.949,16.099,16.656,15.125,5.041,7.776,8.792,8.06,14.782,17.105,9.904,10.856,15.291,7.835,14.209,0
18.088,6.992,9.937,4.213,2.593,10.704,7.784,13.907,18.124,5.022,5.99,7.062,3.724,13.95,8.583,10.769,13.866,12.519,6.97,11.228,0
13.072,17.542,17.459,12.172,11.374,9.919,14.368,12.333,14.939,4.041,6.021,6.402,16.672,13.721,17.189,9.881,6.941,12.438,6.964,13.52,0
18.833,16.512,19.76,19.619,18.719,13.911,10.74,18.311,21.998,4.026,4.352,5.404,17.282,19.678,15.643,13.657,12.88,18.179,4.987,27.077,1
16.558,15.858,16.745,19.344,14.937,13.192,12.713,17.235,21.105,2.02,4.006,4.836,15.406,19.35,13.118,13.758,11.865,18.313,2.908,19.626,1
16.567,14.221,19.569,15.644,16.814,12.785,17.315,16.409,20.1,6.016,10.022,11.093,15.437,14.722,18.74,12.438,10.938,15.353,8.083,17.906,0
17.376,18.228,24.729,16.661,16.99,12.451,15.313,20.815,20.941,5.024,6.683,8.059,18.729,20.328,18.52,14.462,12.734,22.278,7.808,18.92,0
17.509,18.615,20.044,18.504,18.152,13.428,14.488,17.447,19.974,5.033,6.011,6.194,17.597,19.145,16.471,13.162,16.995,16.083,5.601,16.39,0
20.691,20.946,18.303,16.732,15.025,11.305,15.778,18.353,17.117,6.044,7.869,9.18,16.871,16.212,19.181,12.379,12.871,21.472,9.274,21.005,0
25.252,23.45,22.428,20.246,16.101,12.812,15.217,25.191,31.212,5.026,8.605,8.721,18.918,23.833,20.275,16.702,19.668,20.798,6.906,23.373,1
20.429,17.954,21.799,21.616,21.134,15.553,12.482,22.408,24.24,3.012,4.838,5.539,16.495,22.665,15.198,17.648,17.863,20.492,3.086,28.289,1
16.208,14.602,18.202,16.624,14.737,12.768,13.913,18.697,18.097,3.014,6.503,5.174,17.598,18.533,15.937,14.487,12.879,17.917,4.881,16.48,1
22.494,21.629,20.967,17.513,14.092,15.618,14.668,24.502,24.249,3.034,5.966,7.694,19.873,25.142,20.196,19.469,16.738,25.015,5.374,21.954,1
20.504,19.597,19.828,20.195,16.84,14.309,14.489,21.636,20.293,5.045,8.762,8.417,21.707,20.924,18.931,17.47,16.79,23.752,6.925,19.61,0
20.909,18.382,20.14,20.457,17.929,16.495,11.341,20.593,25.261,2.009,4.636,4.047,19.316,24.171,16.318,16.649,14.811,20.017,3.003,24.046,1
21.429,19.037,23.925,15.294,11.7,12.162,15.533,18.928,18.256,9.045,9.187,8.914,18.21,21.136,22.637,13.985,12.81,23.281,10.806,18.595,0
22.626,16.648,15.352,16.295,14.428,14.226,16.569,20.095,18.552,2.05,4.352,5.613,16.781,23.004,15.63,16.813,15.804,19.238,4.725,17.415,1
20.387,17.767,20.217,16.473,14.756,13.765,12.94,19.629,27.244,5.029,8.686,7.902,15.742,20.197,15.998,13.652,15.87,19.42,5.934,23.815,1
20.679,18.592,16.897,15.664,12.926,18.019,9.349,21.747,26.381,6.05,7.059,9.105,18.71,21.059,21.177,16.272,17.94,20.076,10.773,22.649,0
22.875,18.164,26.106,19.248,16.73,13.887,13.447,25.588,30.198,6.029,5.364,7.575,16.231,26.996,19.932,19.742,18.878,21.414,6.96,22.0,1
22.428,17.662,18.654,13.679,9.741,14.535,17.311,21.232,22.236,3.042,5.155,6.8,13.457,22.303,19.323,15.823,14.812,20.343,7.904,16.921,1
23.088,19.056,23.072,15.175,9.761,16.589,18.789,26.57,27.256,7.04,7.016,9.614,13.161,27.446,18.252,18.529,16.814,28.412,9.161,25.02,0
22.388,22.242,22.011,18.079,14.702,17.894,19.504,23.55,26.264,5.024,5.698,6.667,19.328,24.423,20.987,17.483,15.877,25.653,6.908,26.448,0
14.031,13.393,14.503,5.305,3.996,11.477,13.276,18.974,17.096,5.015,8.685,7.534,5.749,19.095,14.879,15.298,11.94,16.828,7.372,9.878,0
21.722,18.472,19.256,19.005,15.537,12.028,15.665,23.044,26.353,3.029,2.841,4.887,23.352,21.501,13.529,16.651,18.733,17.522,3.045,19.85,1
16.711,22.079,19.087,13.203,12.224,10.882,16.246,18.779,23.079,11.045,12.752,11.795,16.614,16.963,21.272,12.596,12.869,21.836,10.839,15.055,0
18.38,16.351,17.005,10.369,7.577,12.475,16.157,20.355,15.082,5.039,9.941,11.235,10.408,17.966,18.693,13.652,13.857,20.324,8.276,11.329,0
18.272,17.359,16.119,13.095,11.456,15.403,11.738,21.969,17.561,3.02,6.195,5.348,16.77,21.384,14.439,16.593,13.876,23.671,4.052,18.358,1
24.508,16.36,20.626,16.524,17.377,14.281,14.111,23.511,21.245,7.042,9.706,8.716,14.32,23.141,18.965,17.973,15.802,25.962,7.414,19.881,0
22.973,17.791,15.758,12.155,10.288,13.954,15.352,22.601,16.554,6.032,9.524,10.56,10.91,20.283,18.157,17.526,15.793,23.755,11.073,14.675,0
21.891,18.11,19.207,14.547,10.71,13.89,13.269,19.996,19.381,5.031,7.834,8.591,16.381,20.025,18.519,15.551,14.725,19.154,6.985,15.921,1
20.53,16.938,16.592,11.086,11.817,13.292,14.953,20.381,18.242,7.018,8.809,11.703,10.608,19.178,16.772,15.263,15.867,20.661,10.309,16.764,0
28.547,17.282,21.062,10.13,11.035,15.863,15.063,26.227,21.556,6.035,10.776,11.678,12.954,23.529,19.332,20.363,19.659,23.243,10.231,15.096,1
18.779,16.778,17.889,18.163,18.931,11.241,14.272,18.78,20.979,2.014,3.01,5.328,14.571,17.557,14.644,12.825,12.81,16.707,3.996,21.642,1
23.907,18.899,19.86,18.624,17.307,15.661,11.755,23.944,28.269,4.008,4.007,5.397,16.498,23.137,14.905,17.433,18.87,22.072,4.935,28.504,1
21.781,22.238,20.757,18.447,15.985,13.754,14.986,16.454,13.414,8.05,7.902,9.8,17.817,20.178,22.307,12.526,12.998,21.688,9.602,17.385,0
17.25,22.26,21.631,18.905,15.635,12.028,13.974,17.422,18.942,5.056,7.693,10.198,20.377,17.184,19.261,12.87,11.995,20.619,10.717,19.625,0
17.811,16.595,17.683,15.261,11.612,13.072,14.652,17.897,19.265,4.02,7.679,6.812,14.855,18.196,15.86,13.042,12.953,18.594,5.087,18.395,1
23.769,22.209,20.386,11.221,8.808,16.081,13.878,22.535,18.955,7.041,7.196,11.717,12.232,23.956,23.907,16.808,12.892,24.334,13.175,15.231,0
17.716,15.48,16.477,18.156,15.363,13.516,8.967,18.402,23.233,2.046,2.132,3.803,15.156,19.371,13.632,12.775,13.817,18.536,3.037,23.021,1
18.921,15.055,18.875,18.215,19.175,13.484,8.865,19.768,27.216,4.023,5.132,6.711,16.497,20.775,15.136,14.552,15.884,19.237,4.908,23.28,1
10.554,13.22,12.808,13.974,12.684,6.634,10.373,6.758,10.276,6.031,8.005,7.217,16.14,8.788,11.738,5.657,7.002,10.223,8.302,12.761,0
19.887,18.956,16.937,11.333,10.08,15.232,15.013,22.641,22.392,8.03,7.17,9.708,11.526,20.745,20.999,15.593,15.936,22.356,9.617,18.105,0
20.771,20.736,18.813,15.643,13.536,10.758,15.505,20.971,17.106,4.028,5.255,9.102,15.722,17.196,17.674,12.038,13.924,22.691,6.09,16.81,1
17.179,12.89,17.806,13.033,10.902,12.762,14.351,18.367,17.274,7.04,9.03,8.745,15.068,18.247,18.153,13.698,10.87,21.734,7.389,18.814,0
12.807,16.214,14.188,11.934,11.274,8.722,10.081,14.049,15.113,5.011,7.672,9.39,13.703,12.23,13.929,8.6,9.866,15.812,8.244,14.807,0
22.478,17.352,17.118,7.073,4.772,14.87,13.936,25.344,20.397,7.053,11.13,11.523,5.226,20.702,20.217,17.426,17.799,21.371,11.717,12.574,0
16.86,18.83,20.086,12.787,10.055,12.517,15.46,16.158,21.099,4.033,9.682,8.523,15.488,16.985,20.303,12.308,11.869,19.544,8.771,16.565,0
19.965,19.261,19.373,15.882,11.621,14.808,12.223,20.668,23.233,4.044,7.863,8.344,15.981,23.799,19.793,15.818,15.866,22.162,5.99,18.236,1
16.399,20.173,20.047,10.077,9.014,17.919,11.067,18.147,17.107,7.035,6.877,9.73,12.331,18.854,22.291,13.659,11.008,19.651,11.287,15.882,0
18.417,17.297,19.007,15.446,14.858,14.17,10.71,21.083,27.101,4.04,6.033,4.981,18.788,22.971,15.463,16.648,15.864,18.903,5.879,20.983,1
22.416,21.57,23.394,17.49,13.653,15.029,15.449,22.627,28.952,7.041,8.935,12.305,19.521,23.93,25.294,16.477,15.684,16.958,13.27,20.875,0
20.912,22.262,21.774,13.793,13.6,14.183,13.087,22.025,22.089,7.04,9.304,11.19,15.778,22.175,18.876,16.981,17.781,20.345,11.841,16.761,0
22.283,16.629,18.749,15.279,12.698,14.54,13.147,22.608,18.42,5.048,6.265,7.884,11.51,20.945,21.01,17.483,15.808,21.357,8.716,18.644,1
22.533,17.002,16.536,15.207,13.475,16.818,12.469,22.001,21.414,4.037,5.264,6.285,16.209,23.754,16.894,16.768,16.872,23.354,6.812,21.89,1
25.438,22.271,21.415,23.316,20.143,11.429,14.264,18.668,20.28,5.022,8.248,7.396,19.975,18.392,15.672,11.942,14.795,19.612,6.952,24.192,0
23.283,16.328,18.995,22.892,19.381,13.375,15.473,23.492,23.407,4.049,4.018,6.285,21.264,23.238,13.422,16.711,17.742,18.734,6.843,24.595,1
23.723,20.073,22.365,20.329,19.524,17.963,12.965,23.205,28.239,4.012,4.638,5.891,18.469,26.513,18.842,18.538,17.813,23.027,4.145,26.253,1
21.232,17.873,17.169,17.889,16.823,11.182,13.758,21.825,23.258,2.021,4.516,6.529,18.443,19.355,14.59,15.607,16.871,18.775,4.061,19.544,1
19.837,15.768,15.85,13.492,11.247,12.58,9.74,16.798,19.256,7.042,9.709,9.365,16.047,18.459,17.288,12.768,13.871,18.281,8.364,14.44,0
23.022,19.231,20.39,19.541,19.391,11.633,11.636,18.871,25.103,2.043,3.003,4.303,20.553,17.404,12.853,14.198,14.8,17.496,3.816,21.927,1
20.257,15.477,16.331,11.823,11.137,12.211,10.652,18.637,17.378,3.042,4.978,8.85,14.958,18.402,16.173,12.94,12.875,19.841,6.893,14.429,1
18.196,19.851,17.951,12.991,13.354,13.099,15.999,18.846,15.289,5.045,8.077,10.13,13.79,20.407,19.061,14.537,11.883,20.041,9.209,14.737,0
17.961,13.614,14.808,16.453,18.368,11.848,8.36,19.25,20.112,4.024,4.258,6.898,14.538,17.747,15.483,13.923,15.857,14.868,6.054,20.804,1
17.959,17.193,17.113,11.778,11.319,12.458,16.015,19.724,18.245,8.045,10.857,8.62,12.279,18.572,22.267,13.935,12.876,21.508,8.962,16.598,0
14.993,9.406,14.118,4.765,4.881,12.847,13.013,15.771,13.239,3.035,5.834,5.087,7.146,16.231,11.811,12.705,11.866,16.772,4.926,9.797,1
19.057,20.468,21.086,17.138,13.786,10.312,11.389,17.904,20.11,4.024,6.68,6.949,15.354,20.672,19.274,12.71,12.812,21.478,6.055,18.372,1
22.524,15.178,18.568,19.056,18.803,15.834,11.211,23.998,24.504,9.011,7.264,7.538,18.708,25.147,19.261,18.704,18.741,21.117,6.024,28.308,1
19.293,18.483,20.187,15.251,12.667,10.649,14.141,16.08,21.115,3.016,4.52,4.82,15.981,16.46,13.331,10.873,11.871,15.336,3.001,19.745,1
19.305,17.648,17.246,11.996,10.01,11.356,13.99,17.134,17.395,4.033,6.686,9.06,11.755,19.383,16.435,12.93,11.874,20.545,6.196,16.302,0
22.385,23.41,22.825,14.185,14.619,12.845,17.121,22.483,26.094,6.068,6.029,8.638,17.304,18.455,21.176,16.268,18.868,20.33,8.17,20.777,0
22.115,17.212,15.959,11.335,10.088,13.829,12.589,21.465,19.25,7.029,5.901,9.335,13.154,20.367,17.784,16.641,15.734,17.552,9.472,14.421,0
17.808,15.848,16.712,15.147,13.029,11.824,15.139,15.019,19.121,7.038,9.545,9.159,15.694,15.68,17.659,12.599,9.996,16.243,9.299,15.626,0
16.221,15.473,13.836,8.528,10.087,10.467,12.967,14.057,14.149,8.047,7.897,7.252,14.006,12.799,16.471,10.642,12.85,15.671,10.436,12.968,0
19.628,16.455,19.674,19.096,18.267,10.655,14.456,20.921,19.106,5.029,7.684,8.523,17.636,17.55,17.286,14.426,15.795,20.183,7.201,19.762,1
21.916,21.391,20.258,21.298,18.851,14.031,13.853,23.112,26.255,6.035,6.033,7.748,21.571,20.943,17.297,18.305,17.735,21.803,8.844,21.367,1
18.428,15.109,16.126,15.802,16.069,12.241,13.191,21.084,19.13,3.01,3.807,4.963,16.812,19.836,12.108,16.522,15.721,17.668,3.06,16.71,1
17.664,19.862,19.066,10.105,8.254,12.59,16.346,17.69,17.082,11.047,14.635,11.252,11.235,22.132,23.364,14.63,11.859,22.835,10.906,15.739,0
24.767,19.027,24.756,16.888,12.597,15.232,21.604,25.883,24.536,7.038,7.019,10.705,14.811,21.459,17.608,14.899,17.944,27.734,8.42,22.021,0
24.188,17.95,21.834,18.504,14.145,15.132,13.688,23.268,30.093,3.04,4.013,6.197,18.611,26.064,17.756,17.805,17.809,21.342,6.904,22.435,1
21.712,16.031,15.385,20.988,19.547,15.194,8.332,23.241,23.1,2.025,3.681,4.006,16.166,22.668,13.032,16.83,17.809,19.271,2.959,27.306,1
21.313,17.861,20.281,22.002,16.927,14.937,11.758,24.71,24.958,4.042,6.8,9.056,16.597,24.17,17.764,18.646,17.737,21.484,8.841,24.399,1
19.592,17.761,21.15,18.734,15.492,12.484,11.929,20.96,27.08,2.02,5.672,5.648,19.566,21.822,16.119,15.305,16.728,18.968,4.088,22.677,1
17.396,18.593,20.15,13.507,13.219,15.012,18.439,20.458,17.116,5.027,7.975,10.635,15.235,23.04,18.257,18.134,15.989,21.094,10.783,17.131,0
24.372,19.818,22.517,17.827,16.267,17.193,16.154,23.377,33.241,6.029,9.14,7.888,15.882,26.583,18.959,18.878,18.8,24.725,6.99,28.623,1
21.679,25.075,20.759,19.21,16.261,14.361,17.0,20.248,21.981,7.046,8.729,10.321,17.738,20.041,20.893,14.595,11.876,22.394,10.069,27.081,0
21.182,18.223,18.974,8.808,8.749,13.724,14.12,22.098,20.269,5.03,9.805,9.182,10.332,20.868,22.477,15.543,14.814,21.0,8.841,14.724,0
18.126,20.273,22.79,21.89,21.386,12.648,18.061,18.164,27.947,5.019,5.841,7.547,23.51,18.738,17.545,14.419,13.801,17.496,5.087,25.814,0
20.66,19.245,21.998,17.432,13.043,15.284,11.925,22.187,28.232,4.021,5.687,5.608,15.854,24.25,19.668,17.371,16.812,21.72,6.023,23.729,1
20.932,20.393,19.322,15.633,14.095,12.306,13.375,21.815,21.96,4.026,6.973,10.402,16.783,18.566,17.98,16.354,17.716,18.57,11.81,16.894,0
15.858,15.026,16.298,14.384,10.99,9.787,11.237,13.725,15.271,5.022,5.01,6.156,15.722,12.768,10.971,10.318,11.925,16.928,7.359,16.805,0
15.63,16.347,19.248,12.742,8.137,12.226,14.075,18.82,13.98,5.044,8.787,10.788,12.048,17.553,17.779,12.93,9.876,23.191,11.041,16.156,0
17.917,18.508,16.508,13.091,12.484,12.929,14.584,16.458,15.239,4.051,6.69,9.53,12.147,19.341,17.297,11.758,10.882,20.14,9.032,16.266,0
18.145,16.045,17.049,19.411,18.048,13.759,11.024,18.564,22.269,5.041,4.037,5.567,18.094,19.767,12.812,14.699,14.869,16.911,6.047,20.354,1
28.274,24.84,21.35,20.235,17.482,16.176,11.63,26.458,33.242,6.06,8.839,9.289,18.986,26.605,22.798,18.7,21.668,23.224,9.182,26.717,0
21.232,19.435,15.991,12.916,12.278,15.029,13.648,21.505,17.379,5.03,6.846,9.103,15.269,21.219,18.592,17.581,14.801,21.848,8.831,13.452,0
22.092,23.355,22.144,17.904,15.449,15.121,16.779,23.528,25.112,4.035,7.766,8.49,16.981,20.544,22.266,16.375,16.864,22.449,7.875,20.915,0
19.798,18.641,20.561,13.407,10.907,15.079,14.262,20.729,21.353,6.049,6.93,10.332,12.838,21.627,19.058,15.696,13.741,20.105,10.775,15.682,1
21.114,15.714,18.451,17.249,15.148,12.357,8.416,22.238,21.268,4.023,4.635,5.167,16.212,20.588,13.004,15.592,16.729,17.866,3.968,17.298,1
20.51,18.512,24.366,20.876,16.39,13.465,14.006,21.435,29.083,4.045,8.638,6.825,17.635,24.292,18.883,16.864,15.883,21.92,4.958,24.127,0
21.834,18.668,20.881,13.439,12.755,14.271,16.539,16.976,20.254,4.036,6.929,8.295,14.424,20.744,16.061,14.698,13.794,19.66,7.238,13.641,0
17.455,18.488,19.764,17.007,14.391,11.262,11.833,20.408,20.951,3.009,5.098,6.563,18.143,18.299,17.688,13.471,12.8,20.01,4.029,16.707,0
18.91,20.086,19.823,9.649,8.881,14.667,15.355,19.848,19.373,7.045,10.763,12.4,12.057,19.391,21.1,13.729,14.884,18.56,12.277,13.88,0
16.576,12.398,16.264,12.519,11.187,11.904,7.885,17.388,20.09,2.024,3.131,5.567,13.54,17.453,12.639,11.82,12.946,17.68,5.016,14.8,1
22.106,19.429,23.282,16.95,12.513,13.284,13.3,20.157,22.244,5.031,7.949,8.39,16.216,20.934,21.3,13.167,13.817,20.89,9.158,19.481,0
19.15,16.841,17.682,18.666,14.022,12.386,10.407,20.796,23.214,4.035,6.143,6.739,17.506,21.419,16.558,14.646,14.736,18.673,6.872,23.191,1
25.904,21.338,22.071,16.982,13.924,18.175,14.788,27.646,24.41,8.037,11.68,10.896,19.691,28.116,25.84,22.559,16.667,27.872,13.243,23.59,0
20.403,20.485,22.255,17.541,13.958,14.582,13.48,20.669,22.917,6.063,6.022,8.382,18.518,24.604,22.011,16.754,13.752,21.729,9.716,21.469,1
18.129,15.354,15.152,15.478,13.549,9.488,13.336,16.592,16.263,2.021,4.797,3.772,16.186,16.763,11.55,12.852,11.874,16.444,4.002,14.394,1
19.848,19.902,19.925,12.853,11.536,9.865,14.436,19.091,16.133,4.027,8.261,7.834,14.875,14.707,18.185,13.583,13.725,17.591,7.253,13.37,0
19.707,16.153,15.963,12.189,9.288,10.896,11.928,18.037,16.385,6.033,6.273,8.372,12.353,16.127,15.866,13.661,14.874,17.037,7.936,13.329,1
22.169,17.461,22.53,13.853,11.096,13.544,17.706,21.987,23.334,4.04,7.681,7.833,19.732,24.506,20.788,16.597,17.717,22.069,10.121,18.228,0
17.885,13.159,15.747,17.339,16.848,10.944,9.458,18.188,18.251,2.021,3.514,3.53,16.349,16.926,11.806,13.65,12.874,16.136,3.001,16.806,1
23.747,23.819,23.82,19.181,15.779,13.838,18.618,21.89,23.143,7.052,8.009,10.179,18.555,20.995,21.138,16.331,16.797,24.653,10.022,19.445,0
18.139,26.311,20.333,16.026,14.719,14.955,17.758,17.505,21.124,4.013,5.646,8.498,19.742,20.661,16.509,14.534,12.869,17.966,7.013,20.92,0
23.678,19.829,19.957,16.849,16.38,12.93,15.37,24.512,22.238,6.048,7.631,8.055,18.836,21.447,20.95,16.581,16.725,22.16,9.049,20.823,0
15.574,11.997,14.801,14.542,11.551,7.958,10.222,17.198,16.995,2.009,4.671,5.209,14.916,14.685,10.954,12.591,12.798,15.273,3.002,16.68,1
22.252,23.937,22.127,20.801,19.065,14.911,14.443,22.47,22.094,5.057,9.602,9.24,23.234,23.313,23.169,15.873,14.81,21.07,10.175,20.255,0
18.487,14.376,14.121,9.901,8.814,15.573,13.161,17.165,21.238,5.05,6.641,9.731,13.623,20.819,16.653,16.472,12.808,16.023,10.256,15.617,0
16.878,13.311,12.766,8.996,9.229,10.78,14.734,19.113,17.246,5.027,4.179,6.674,11.549,15.243,11.533,13.37,12.871,17.395,6.223,14.016,0
21.51,16.425,16.982,19.571,18.156,13.663,11.754,19.243,25.117,1.036,3.68,4.845,16.928,22.432,13.871,15.689,14.944,22.439,2.936,24.593,1
22.573,16.153,19.302,10.311,7.53,17.237,17.551,26.043,21.098,8.034,10.414,10.053,14.328,26.404,25.783,18.985,16.811,28.727,12.684,18.57,0
18.872,18.48,19.98,17.382,14.337,12.53,18.201,18.311,21.239,8.034,10.328,10.461,13.419,19.707,22.767,13.147,11.997,20.071,12.936,19.163,1
22.693,21.018,20.79,15.807,12.593,16.117,17.943,21.685,16.413,7.03,7.848,11.859,11.955,23.22,20.874,16.861,14.803,23.773,12.171,15.257,0
18.461,18.331,16.947,12.464,9.284,12.446,13.71,18.59,17.114,5.014,5.853,6.908,13.543,18.062,16.825,15.586,12.802,19.253,6.987,14.675,1
22.141,16.926,22.567,14.543,14.036,17.498,13.269,26.003,24.401,5.037,6.647,9.637,14.432,24.918,19.326,19.713,18.817,25.803,6.166,21.813,1
18.768,17.503,16.362,15.208,13.375,12.38,15.189,17.716,19.959,4.018,7.125,7.384,19.376,18.202,18.162,12.641,10.957,20.929,7.094,17.181,0
23.204,18.696,20.232,22.004,19.432,14.302,11.689,23.119,24.058,4.029,5.139,6.027,20.513,25.393,17.045,20.074,17.739,19.485,4.959,24.92,1
19.88,22.321,23.537,17.247,14.649,13.382,14.337,21.386,21.094,5.04,6.858,8.252,18.143,20.497,18.811,13.866,14.876,20.054,7.073,21.809,1
21.997,20.538,18.769,17.325,14.554,15.015,10.662,22.57,21.977,1.033,5.516,4.612,16.911,23.051,19.565,17.415,16.728,17.884,2.992,22.173,1
21.812,15.978,21.805,20.649,17.698,11.812,9.479,19.375,24.263,6.013,8.677,9.158,14.908,18.995,16.338,12.98,13.81,18.846,4.964,21.385,1
23.975,16.438,21.742,18.807,17.759,14.665,10.886,26.262,30.364,4.049,4.802,6.339,14.803,23.749,15.83,20.13,22.655,19.631,7.725,19.629,1
18.91,17.296,17.74,10.522,6.517,14.229,14.761,23.28,21.255,6.041,8.656,8.057,10.132,20.469,18.343,16.591,14.802,22.075,8.474,16.643,0
17.368,20.539,18.882,14.593,13.24,10.977,13.738,18.028,18.102,8.035,9.708,12.9,13.081,20.761,22.561,14.026,15.784,22.548,13.389,19.503,0
24.019,20.628,20.08,15.274,14.038,12.237,14.472,20.577,25.41,7.045,8.018,8.361,17.192,19.709,19.378,13.867,19.867,19.67,8.593,17.497,0
21.465,20.075,18.349,19.615,19.054,10.373,14.333,16.968,19.125,4.018,5.01,8.936,16.828,16.876,17.859,11.698,11.935,19.157,8.908,18.539,0
18.735,22.606,23.592,20.305,18.231,14.796,12.282,23.096,25.335,4.01,6.261,10.404,19.644,22.591,20.393,17.41,15.73,21.09,7.033,22.149,1
19.844,17.551,16.583,18.605,14.205,13.12,9.858,19.558,21.118,3.039,5.143,6.324,18.094,20.725,17.786,13.758,16.994,18.474,5.76,24.222,1
24.05,18.706,20.568,12.994,14.054,16.691,16.554,28.311,29.103,5.047,5.971,7.106,15.357,25.472,20.814,21.36,20.669,21.937,5.871,21.713,0
13.729,12.645,15.893,11.439,10.571,9.975,9.356,13.109,19.106,4.021,5.669,6.144,11.792,15.418,13.261,10.535,9.88,13.845,5.053,14.701,1
18.088,21.097,20.351,12.181,10.187,14.662,12.25,22.128,24.225,6.045,7.522,9.112,10.633,19.017,17.86,13.448,12.815,20.736,8.842,18.491,0
25.797,23.847,24.447,19.542,17.441,14.544,16.559,21.785,24.422,5.024,7.816,11.82,16.619,20.957,23.8,16.258,16.736,23.681,10.014,23.593,0
24.239,19.061,23.642,23.15,21.081,15.464,16.209,26.718,25.413,2.029,5.683,5.206,20.502,26.564,18.305,20.36,20.668,24.041,2.908,26.055,1
15.901,17.18,18.077,9.833,7.244,12.635,16.455,17.412,18.271,5.042,6.02,8.063,11.995,18.049,18.395,12.556,11.956,16.963,6.158,14.014,1
21.608,17.25,18.244,8.589,8.949,12.744,15.857,22.329,21.408,5.042,10.825,8.152,12.636,20.022,18.894,15.66,16.807,20.068,7.095,15.959,0
15.815,14.529,13.816,15.415,14.245,11.039,9.351,17.187,19.247,3.024,8.512,8.244,15.324,17.03,14.073,11.779,11.931,17.269,7.1,19.768,1
18.876,20.164,20.083,14.453,12.1,16.267,16.838,21.16,18.944,5.023,9.971,7.896,17.516,24.022,17.783,16.985,14.927,21.612,8.998,15.862,0
19.524,19.548,19.631,11.083,10.757,15.494,12.408,19.821,17.099,6.047,10.837,11.748,15.354,20.487,22.095,15.696,12.87,21.836,9.933,12.717,0
21.223,20.576,20.324,19.357,16.02,11.904,16.872,21.578,23.254,6.017,8.829,7.576,17.744,18.447,18.864,14.144,15.852,21.317,6.234,19.025,0
19.659,14.153,17.382,14.664,12.165,13.188,14.67,17.008,17.978,4.028,5.004,6.891,16.607,19.755,16.055,13.166,11.806,18.299,5.285,16.418,1
22.982,18.627,21.87,18.958,14.201,13.962,12.15,23.491,28.221,3.036,4.008,4.596,18.24,23.712,16.528,17.704,17.8,20.985,4.93,21.58,1
20.566,18.571,19.577,14.793,13.534,15.383,20.501,22.677,23.1,6.019,10.512,9.786,17.324,22.784,23.56,17.542,14.884,25.735,10.485,19.505,0
17.92,19.399,22.279,14.487,15.539,15.047,18.806,22.457,21.081,7.042,9.172,9.931,16.988,23.262,23.325,13.937,14.801,20.477,8.591,16.564,0
15.34,17.561,18.232,11.999,9.773,10.969,11.841,16.131,20.087,4.031,5.927,9.323,13.839,18.769,16.005,10.822,12.86,17.619,8.025,14.702,0
20.797,16.318,18.178,16.214,18.502,12.88,13.579,18.649,19.238,7.052,9.706,7.371,14.924,17.945,19.513,14.593,12.874,21.018,7.442,18.209,0
19.33,18.219,18.268,15.758,13.927,11.31,11.695,20.293,20.226,5.014,5.851,6.125,17.512,19.051,16.252,13.983,13.737,17.392,8.049,18.407,1
20.588,17.877,18.378,14.592,11.746,13.889,16.292,20.218,16.252,7.042,7.038,8.972,15.951,21.043,18.433,14.765,13.865,22.821,7.099,13.497,0
22.613,16.482,19.586,21.406,19.833,16.039,12.608,21.878,23.112,4.036,5.999,7.411,19.359,23.874,16.64,17.75,15.733,21.466,6.063,21.853,1
21.568,15.122,17.305,17.918,15.29,14.347,8.677,23.693,24.37,5.027,6.264,6.563,16.711,21.984,16.699,18.415,17.73,20.525,6.251,16.878,1
21.443,18.803,19.426,19.24,15.767,12.169,15.705,20.379,21.239,6.053,6.13,10.852,15.648,20.996,20.31,14.036,12.876,21.081,7.984,19.303,0
15.159,18.407,20.589,15.41,12.631,14.193,17.322,18.49,21.202,7.054,8.848,9.799,17.062,19.704,18.769,13.992,12.809,16.364,10.186,12.479,0
26.252,20.165,23.29,15.386,13.421,16.776,15.38,28.101,28.067,6.027,8.683,9.581,17.274,25.348,18.495,19.447,22.871,23.659,9.917,17.825,0
21.756,23.001,20.363,13.483,12.613,13.54,19.027,21.642,26.237,6.054,9.001,9.725,16.175,20.169,21.815,16.423,14.875,21.285,7.783,22.294,0
20.423,18.05,17.479,15.645,13.928,11.276,11.609,20.121,23.094,4.034,6.778,8.373,16.002,17.156,15.934,13.601,14.8,17.293,7.911,16.041,0
19.694,15.184,17.323,17.918,13.92,13.16,11.297,18.952,24.112,4.036,6.01,7.623,15.037,20.569,17.516,15.749,14.865,19.251,6.932,21.25,1
19.508,13.29,16.142,11.276,7.917,12.09,10.835,18.27,23.244,5.027,6.708,6.696,10.159,18.646,15.585,13.77,14.872,18.495,5.836,17.474,1
19.572,16.956,18.166,15.98,13.851,14.819,13.663,24.126,24.399,5.045,8.979,11.172,12.03,25.082,21.437,18.768,18.748,18.926,9.149,15.187,0
18.898,19.327,16.009,10.362,8.392,13.046,14.198,17.824,15.42,5.046,7.018,11.021,7.977,17.143,18.997,14.598,11.88,17.273,8.197,12.38,0
18.868,20.033,20.844,14.37,10.695,12.606,16.387,19.853,17.241,8.045,9.991,12.45,16.409,17.086,22.044,14.707,11.869,18.492,12.474,13.855,0
20.669,17.407,18.034,18.219,13.864,16.151,11.328,21.487,26.232,3.022,5.134,5.271,16.107,25.048,15.564,16.985,16.797,21.718,5.88,22.22,1
19.045,17.069,21.215,13.067,13.325,15.33,11.739,18.726,23.906,6.06,8.56,13.744,17.229,22.84,20.129,13.74,15.01,20.38,15.95,20.329,0
24.967,20.072,23.2,18.632,16.635,14.423,12.873,20.033,25.244,4.031,7.646,8.612,16.779,22.293,18.727,14.593,13.875,21.704,7.028,23.735,1
25.159,19.199,21.504,19.009,15.082,15.104,12.138,19.97,21.375,7.029,9.841,8.761,17.35,21.557,20.576,16.819,14.729,20.753,8.099,19.68,1
23.514,17.805,17.857,24.174,18.422,16.336,12.159,22.656,25.395,4.028,6.014,5.994,17.192,22.328,15.617,18.189,17.788,21.762,5.96,28.522,1
25.542,20.271,21.935,20.948,16.147,20.27,12.847,28.247,31.521,5.048,5.51,8.003,17.168,30.011,18.57,22.537,21.746,25.876,8.838,27.761,1
19.41,18.213,18.392,13.585,11.965,10.924,18.05,17.884,19.238,5.046,7.51,9.594,12.298,16.85,18.968,13.65,13.793,18.708,7.069,18.307,0
22.105,16.125,18.825,18.111,15.557,13.06,13.122,21.262,26.251,4.019,4.851,5.043,15.421,20.206,15.0,15.605,17.871,19.797,4.004,21.211,1
20.594,16.039,18.76,19.037,17.673,12.145,15.731,20.449,21.124,3.039,4.509,5.027,18.609,17.728,14.921,14.49,15.804,17.732,5.816,25.727,1
17.136,16.157,17.878,18.449,17.591,12.337,12.843,18.444,20.076,4.039,5.143,6.837,15.623,19.555,14.705,13.871,12.802,18.064,5.952,20.946,1
13.695,19.467,19.867,10.863,12.189,9.944,16.818,19.3,15.124,4.035,8.675,10.065,13.463,16.603,20.624,11.751,13.851,18.563,8.029,12.359,0
24.503,15.771,18.321,19.079,16.792,12.842,10.388,23.942,24.263,4.044,8.002,7.061,17.668,20.785,17.168,15.002,18.807,22.827,7.159,21.345,1
20.907,17.192,20.061,10.056,10.439,13.769,13.125,22.213,22.372,3.026,7.685,7.213,17.292,21.376,16.823,15.655,16.805,19.36,7.282,15.033,1
26.93,14.815,17.375,13.928,12.108,15.878,13.934,26.604,22.353,6.027,10.108,10.064,15.352,19.853,20.544,20.137,19.732,22.218,9.102,13.4,0
17.923,16.716,20.83,15.101,14.037,14.436,13.561,18.709,19.275,4.063,6.037,6.439,13.57,22.699,16.965,14.638,11.865,20.41,6.776,21.077,1
19.278,17.749,21.699,11.162,5.891,16.946,22.981,20.922,20.959,4.051,6.681,6.357,12.542,23.265,20.716,17.638,12.93,25.993,7.726,18.479,0
19.674,15.344,20.626,17.112,18.04,14.887,15.709,20.885,19.402,4.023,7.801,6.984,20.698,22.394,17.016,16.648,14.809,20.083,5.087,20.359,1
18.051,16.699,17.022,15.228,11.895,13.835,13.681,21.105,15.275,6.042,10.518,11.414,12.015,20.332,20.036,16.161,12.886,23.554,10.44,14.181,0
22.285,21.803,19.35,13.024,11.161,11.741,17.474,19.405,19.233,7.057,10.815,12.419,14.669,19.369,20.315,12.817,13.87,20.342,13.858,15.754,0
21.37,16.517,17.687,20.38,17.522,13.466,13.43,19.751,24.243,3.039,5.112,6.791,19.999,22.36,16.111,16.028,14.799,18.145,6.971,24.157,1
15.804,16.05,14.704,15.571,15.183,10.805,9.193,14.088,15.967,3.036,5.685,5.529,15.503,17.373,15.086,11.98,8.942,16.289,5.842,18.403,1
18.592,18.04,19.571,17.774,15.836,14.545,11.355,16.975,22.072,2.013,2.522,4.35,17.977,22.828,15.629,14.868,11.817,17.715,2.02,20.5,1
23.736,17.432,20.504,11.978,9.786,15.306,16.805,24.533,27.351,4.041,6.786,8.344,14.691,23.339,18.561,18.474,17.737,22.867,8.056,18.889,1
23.067,16.327,19.886,22.102,21.034,14.088,12.219,20.334,26.118,5.03,6.146,8.849,18.277,21.394,19.866,15.765,16.872,22.435,7.041,28.757,1
23.224,20.772,24.26,19.748,18.168,14.365,15.179,21.7,21.414,8.039,8.831,10.063,18.184,21.306,21.414,14.87,16.723,25.814,7.029,23.901,0
22.862,15.155,19.465,17.162,16.382,11.534,13.94,22.263,22.374,4.024,4.034,6.661,15.065,21.417,14.771,16.363,15.803,19.768,4.934,21.502,1
18.521,15.092,18.278,16.67,13.908,12.035,12.868,18.292,18.938,4.027,6.264,6.014,18.141,19.048,16.343,13.719,12.885,17.878,5.027,18.65,1
18.135,20.152,14.166,10.865,8.507,16.24,11.279,20.226,18.202,6.042,11.515,10.419,11.339,20.684,23.655,16.584,13.801,18.703,11.78,11.344,0
20.633,16.469,18.859,16.411,12.895,18.155,14.801,24.166,24.398,7.013,8.701,8.304,13.593,24.751,18.196,20.146,17.879,24.278,5.396,22.714,1
21.993,16.354,16.805,22.318,22.179,12.336,13.87,20.57,25.098,2.04,4.51,4.94,20.907,20.619,15.178,14.742,14.885,19.088,3.841,27.527,1
27.787,20.411,24.157,21.334,18.16,16.884,17.831,28.944,23.368,7.033,13.643,11.253,16.609,25.931,24.624,22.306,21.73,27.12,9.536,25.289,1
21.869,19.469,19.252,20.211,17.245,13.186,12.039,23.272,27.222,5.035,5.015,6.939,19.742,23.085,16.44,17.046,18.796,20.729,6.935,24.538,1
20.204,20.589,19.732,14.769,13.527,12.149,14.964,19.369,18.958,4.031,6.925,10.544,16.914,18.531,21.905,14.922,13.855,18.735,8.931,19.583,0
21.619,19.82,22.204,15.311,12.769,14.908,21.33,23.905,18.413,6.05,8.845,10.63,16.508,22.539,20.584,16.32,14.878,24.158,9.159,20.326,0
18.005,18.73,19.394,19.114,15.147,11.09,11.028,18.375,21.232,7.043,10.957,9.938,13.193,19.37,23.34,12.804,12.805,18.318,11.065,18.349,0
18.713,20.184,18.524,12.806,12.578,14.498,19.339,16.332,17.084,7.031,10.541,8.905,16.096,18.06,23.004,11.544,12.926,23.687,8.347,15.538,0
15.314,17.05,19.702,13.166,13.026,11.714,15.884,16.188,20.251,5.026,6.687,7.372,11.47,17.349,15.761,12.758,11.871,17.793,7.2,15.791,0
19.509,17.595,16.199,16.046,13.754,10.878,13.433,19.553,18.252,3.018,4.102,5.87,17.563,19.186,16.224,13.761,12.868,18.894,3.903,17.624,1
16.905,19.22,19.236,20.597,17.219,12.05,9.676,15.256,21.135,4.043,7.345,7.561,19.32,17.35,15.103,10.605,8.995,16.858,9.878,23.801,1
22.1,23.78,21.751,16.617,16.187,15.455,19.208,22.981,21.384,4.018,5.872,8.101,17.236,23.033,21.982,16.422,15.802,23.497,5.995,23.366,0
19.916,17.468,20.175,16.595,15.843,11.231,13.333,22.074,23.102,3.019,3.978,8.12,16.875,20.582,14.863,16.802,14.874,19.911,6.058,16.814,1
20.953,19.226,21.113,14.875,14.829,17.369,18.788,20.992,22.104,6.046,8.978,9.715,16.487,22.215,22.058,17.698,13.87,23.278,12.244,17.546,0
23.07,19.957,20.923,17.336,14.702,16.293,12.974,25.128,24.114,3.016,5.191,5.081,20.917,23.908,17.657,19.873,17.747,21.844,4.0,21.614,1
21.572,20.531,21.505,16.479,14.14,11.613,20.778,17.611,25.142,6.03,9.107,11.059,17.751,17.294,19.871,12.111,12.873,20.996,12.042,23.784,0
14.906,13.45,14.709,7.89,9.154,8.484,11.374,15.585,13.138,5.026,7.769,9.052,10.007,12.555,14.59,11.365,11.859,17.075,11.166,8.7,0
21.196,15.842,17.908,8.588,8.77,11.991,16.612,21.295,16.377,5.041,7.148,8.052,12.488,17.967,20.437,14.831,13.88,19.714,6.843,11.163,0
23.391,19.085,19.122,17.132,17.858,14.545,14.669,23.579,24.258,3.025,4.685,5.706,17.702,22.586,16.363,18.581,18.803,20.582,4.936,19.82,1
19.644,20.082,24.205,16.763,13.569,11.573,16.796,22.983,25.102,3.041,4.147,7.54,18.101,19.515,17.646,17.343,17.792,19.162,4.989,17.179,1
17.116,19.343,20.588,13.849,11.942,9.302,14.453,16.431,15.964,6.031,7.728,8.679,14.96,15.753,16.474,11.712,13.86,16.452,8.111,15.374,0
17.849,17.956,21.114,11.623,11.107,14.628,20.975,23.389,23.383,6.042,6.197,8.225,12.256,23.423,20.178,17.88,17.814,23.843,7.802,15.317,0
21.949,18.206,22.091,18.594,14.736,13.094,12.211,22.083,27.232,7.041,9.412,8.241,17.578,21.841,18.196,15.489,16.807,20.528,7.17,22.861,1
25.426,18.896,20.56,19.587,15.511,19.11,11.02,25.146,31.238,5.01,6.799,6.958,14.682,28.173,18.545,19.654,17.814,25.765,5.816,30.167,1
17.622,17.85,24.345,17.352,16.597,13.882,11.72,19.355,22.093,3.024,4.01,5.755,15.989,21.016,16.858,14.649,12.81,20.952,3.936,19.328,1
21.468,17.759,27.564,17.874,14.97,13.036,12.212,20.615,33.23,5.027,8.792,10.478,20.428,20.851,19.287,17.08,16.803,20.252,8.871,25.004,0
19.016,15.953,18.974,16.301,15.878,13.057,10.773,22.448,25.221,3.039,4.017,5.759,16.998,20.851,16.895,16.426,16.8,17.755,5.953,19.772,1
23.254,17.654,19.579,17.107,16.72,14.168,11.617,18.455,20.258,3.023,4.129,6.557,17.962,18.563,17.649,15.149,15.863,17.979,4.876,22.308,0
21.645,17.328,20.103,17.928,15.708,15.169,12.921,22.721,23.382,3.039,3.015,5.014,19.91,22.079,13.961,16.599,16.803,22.4,4.876,20.476,1
18.733,16.804,16.492,8.395,7.615,16.219,12.521,21.087,19.365,5.039,6.251,9.962,10.817,21.25,18.58,18.645,15.807,20.191,10.923,13.143,0
25.916,18.501,22.025,20.899,19.025,15.758,16.624,26.557,29.511,3.027,4.512,5.565,20.867,24.186,16.837,18.493,21.805,23.733,5.961,23.315,1
23.272,16.629,21.499,9.685,10.304,14.923,18.024,24.007,24.243,6.036,8.934,10.14,13.823,22.822,19.571,17.644,17.737,21.933,8.027,14.918,0
18.942,15.943,16.018,16.013,13.556,12.028,11.839,18.212,17.392,4.035,6.265,6.048,17.969,18.61,15.76,13.719,12.885,17.123,5.935,17.447,1
21.347,18.046,18.988,14.855,13.204,15.544,16.147,24.496,25.233,3.015,6.667,7.22,16.527,23.85,18.054,18.483,17.807,21.212,6.017,17.596,1
20.612,16.897,15.472,11.398,12.124,11.953,13.792,21.116,15.111,8.038,10.546,9.011,14.803,15.28,18.052,12.753,11.729,19.312,8.253,12.298,0
25.65,19.342,18.629,18.134,15.865,17.965,12.524,26.379,25.413,6.036,6.899,6.065,16.983,26.617,14.938,20.587,19.658,24.348,5.106,25.693,1
23.63,16.35,20.243,19.981,17.304,11.478,9.685,19.808,26.116,3.012,2.965,5.03,18.853,17.887,14.239,13.439,15.865,20.254,4.843,26.023,1
25.981,19.076,21.026,16.604,14.016,17.667,15.442,23.839,26.06,6.014,8.709,8.45,15.853,29.523,19.693,19.915,16.682,22.276,6.95,20.096,1
19.003,14.836,15.978,22.816,23.276,11.752,12.211,19.02,20.139,6.049,6.015,6.774,19.552,18.968,14.218,13.93,12.803,20.86,5.898,29.403,1
15.213,16.796,20.633,13.677,14.022,7.696,13.296,12.162,14.966,4.026,6.971,8.671,16.476,13.205,14.825,7.489,7.931,14.294,8.998,12.808,0
20.545,26.576,21.26,22.662,24.484,14.051,20.697,20.427,21.263,6.041,8.532,12.056,21.402,20.428,17.813,15.713,16.809,18.779,9.98,24.782,0
19.427,17.531,19.26,21.724,19.368,16.589,9.325,21.364,25.27,2.024,3.011,4.682,17.972,23.335,16.565,17.321,15.881,20.514,3.122,24.948,1
20.535,18.476,17.731,20.165,21.199,13.215,12.883,21.349,28.247,6.071,10.799,10.262,20.248,22.138,17.219,15.813,14.023,24.773,9.988,27.723,0
21.926,17.23,18.725,18.171,16.902,14.809,11.475,23.836,24.1,3.042,4.144,5.304,18.379,22.072,15.655,17.429,17.802,20.737,4.918,21.852,1
17.28,18.103,18.224,9.718,8.701,14.821,16.484,21.017,19.235,5.02,7.255,8.829,14.373,20.223,20.398,15.799,14.927,22.522,9.895,15.641,0
21.98,16.314,24.39,17.306,13.417,13.554,13.803,22.662,26.264,4.05,5.681,7.707,18.397,22.539,16.982,17.644,16.735,19.658,7.899,22.41,1
17.281,17.975,19.467,17.201,14.386,13.839,13.824,17.634,20.142,5.056,7.311,11.413,18.389,19.602,19.404,14.295,11.005,20.986,13.659,18.488,0
18.209,19.353,18.922,17.719,17.75,13.911,11.768,18.095,19.988,2.042,4.358,5.195,16.849,19.269,16.717,13.531,12.793,17.988,4.159,21.206,1
18.124,19.973,17.491,11.905,9.988,12.995,15.052,19.454,17.396,7.035,7.824,8.808,13.744,18.165,18.018,13.668,13.95,21.417,7.793,14.068,0
18.781,15.015,21.311,13.037,13.686,13.063,12.733,19.452,22.251,4.027,5.842,6.898,16.282,19.696,15.346,15.316,14.877,19.724,6.426,18.107,0
22.928,21.16,23.341,26.435,23.352,16.44,14.542,18.899,25.276,4.042,8.799,9.499,22.451,26.008,20.166,16.08,12.999,25.429,8.12,32.832,0
22.775,18.55,19.664,15.981,11.562,13.062,14.543,21.087,22.255,8.054,12.961,10.304,16.635,22.466,26.205,16.756,14.749,22.695,10.811,18.933,0
19.917,16.535,22.407,19.049,17.611,14.514,11.178,21.448,25.346,7.046,9.975,8.408,16.206,24.583,23.562,16.759,14.752,21.738,9.783,22.284,1
18.833,17.115,18.609,19.227,15.586,12.711,15.487,19.013,21.386,4.024,6.132,7.547,14.503,18.072,16.95,12.548,12.94,21.905,6.219,21.071,0
22.227,21.35,20.306,20.952,17.129,14.23,13.009,19.913,21.244,3.026,3.163,4.898,19.698,21.753,15.603,14.759,14.866,20.047,4.934,21.716,1
21.913,17.839,18.647,17.704,15.067,15.416,12.682,21.119,20.976,6.027,9.008,8.29,16.577,24.893,21.971,17.045,16.81,22.172,7.071,20.059,1
21.201,22.679,23.136,15.314,12.847,14.921,17.92,23.867,23.101,7.021,7.15,8.214,16.956,25.278,22.142,18.639,16.797,24.236,8.833,18.011,1
13.758,19.902,14.714,14.761,13.246,8.818,14.93,13.322,13.98,5.022,5.972,5.758,17.016,11.279,16.182,8.317,7.999,18.412,5.959,14.989,0
21.276,17.956,20.721,22.676,18.868,14.255,11.634,20.471,26.225,2.014,3.357,4.632,16.737,22.946,15.447,15.649,14.865,19.228,3.723,27.245,1
22.656,16.208,21.083,16.8,13.41,16.717,15.852,22.604,29.226,4.05,4.018,6.333,14.834,22.185,15.914,17.493,16.803,21.511,6.133,22.576,1
17.577,15.367,15.379,17.175,14.511,12.09,12.839,18.572,20.105,2.016,4.193,5.49,14.333,18.929,13.322,14.419,13.796,16.622,2.927,17.326,1
22.127,23.4,20.896,14.106,11.63,12.742,13.188,20.681,23.081,8.048,12.821,11.609,16.541,19.469,28.352,13.059,13.887,22.662,12.891,17.832,0
19.671,17.416,21.592,17.846,15.765,13.934,10.142,21.484,25.241,5.047,3.976,5.424,18.481,22.571,14.435,16.644,15.737,18.919,5.784,22.752,1
17.432,14.648,14.879,13.08,13.778,11.301,13.965,16.171,14.997,6.042,8.517,8.31,10.084,17.657,13.703,12.819,11.924,15.865,6.332,16.634,0
19.835,18.528,22.256,18.004,15.594,15.976,14.253,21.207,24.226,3.033,5.933,8.586,15.241,25.107,17.992,16.703,13.818,22.487,4.973,20.321,1
21.037,19.02,23.023,15.301,13.733,14.822,13.272,21.661,25.919,5.037,7.155,7.744,17.198,25.672,17.877,17.584,14.75,20.449,6.967,19.414,1
22.589,18.594,18.649,12.733,8.979,15.701,12.237,24.121,28.223,6.043,7.846,10.463,13.138,24.211,23.5,18.593,17.733,20.544,8.465,20.448,0
25.905,16.895,21.854,14.654,11.621,16.538,16.014,23.693,27.224,6.03,7.137,10.189,15.393,23.788,16.997,19.145,17.803,18.329,7.077,17.913,0
21.024,16.909,20.138,15.221,15.189,11.813,14.491,19.102,24.226,4.023,4.011,5.504,15.725,20.396,16.361,13.653,14.805,18.007,4.968,19.572,1
15.804,16.635,16.541,9.013,7.861,12.499,16.194,18.191,16.254,4.043,9.376,8.668,15.003,19.135,17.912,13.921,12.942,19.039,8.065,11.556,0
22.581,19.512,21.425,21.059,17.02,14.0,19.99,21.39,19.416,7.021,7.204,10.673,17.134,21.575,21.56,13.939,13.852,25.649,12.205,21.366,0
20.785,18.205,20.104,18.677,14.964,14.924,13.251,21.024,24.207,3.025,5.852,7.071,18.616,25.898,19.402,17.749,14.807,21.11,4.364,22.561,1
21.811,24.922,20.723,19.277,17.748,14.274,19.126,23.303,18.136,7.036,7.846,10.535,17.669,20.458,21.263,14.719,14.938,25.145,9.865,21.745,0
19.443,17.225,19.622,10.177,6.859,14.058,14.847,20.605,21.227,6.034,9.939,9.155,13.745,20.192,19.972,16.142,14.804,18.8,8.065,13.421,0
